date,category,region,revenue,units,returns
2023-01-01,Home,North,3215.17,10,1
2023-01-01,Home,South,14758.15,50,3
2023-01-01,Apparel,East,5865.07,31,10
2023-01-03,Apparel,West,3030.15,14,3
2023-01-03,Home,East,12927.63,47,2
2023-01-03,Books,West,1773.37,54,2
2023-01-04,Home,South,18229.42,59,6
2023-01-04,Electronics,North,26112.55,29,2
2023-01-06,Electronics,East,23247.76,24,1
2023-01-08,Sports,South,9478.18,48,5
2023-01-08,Beauty,West,2993.09,32,5
2023-01-08,Electronics,North,10014.76,10,1
2023-01-09,Home,South,4832.55,13,1
2023-01-10,Electronics,North,10100.77,15,1
2023-01-10,Home,East,20887.88,55,5
2023-01-10,Home,West,3298.17,11,1
2023-01-11,Grocery,East,80.97,1,0
2023-01-15,Grocery,North,3929.38,49,1
2023-01-17,Beauty,South,673.22,4,1
2023-01-19,Sports,West,3456.32,18,1
2023-01-19,Home,North,8067.1,31,3
2023-01-19,Sports,West,15281.28,57,8
2023-01-20,Beauty,East,4548.12,31,4
2023-01-21,Apparel,East,8333.05,41,11
2023-01-21,Grocery,North,800.46,12,0
2023-01-21,Apparel,South,8609.89,43,7
2023-01-23,Books,North,2712.93,60,4
2023-01-23,Electronics,East,35870.88,34,2
2023-01-23,Beauty,North,6887.96,49,6
2023-01-24,Home,South,18304.68,51,4
2023-01-24,Beauty,North,4632.34,32,4
2023-01-25,Apparel,North,1696.08,6,1
2023-01-25,Sports,North,9440.4,34,2
2023-01-26,Apparel,East,10672.32,48,9
2023-01-26,Beauty,West,485.18,5,1
2023-01-27,Books,North,3201.6,59,4
2023-01-27,Books,South,1401.24,39,2
2023-01-28,Books,West,2751.57,58,1
2023-01-29,Beauty,North,5935.64,56,7
2023-01-30,Grocery,East,3960.06,53,1
2023-01-30,Electronics,North,35509.2,36,1
2023-01-31,Sports,North,2512.14,12,1
2023-02-01,Books,West,140.64,3,0
2023-02-02,Beauty,West,4320.21,43,5
2023-02-02,Apparel,South,10595.52,38,11
2023-02-02,Grocery,South,2932.35,56,2
2023-02-02,Beauty,South,2764.19,18,5
2023-02-03,Beauty,South,5596,46,7
2023-02-04,Books,East,720.12,14,1
2023-02-05,Grocery,North,3273.61,46,1
2023-02-07,Home,East,2932.13,10,1
2023-02-07,Beauty,West,6306,53,14
2023-02-08,Electronics,North,57659.52,56,3
2023-02-08,Electronics,West,8358.52,7,0
2023-02-08,Home,South,11028.46,33,4
2023-02-08,Home,South,15590.34,59,5
2023-02-09,Home,North,17826.38,46,3
2023-02-10,Grocery,East,1736.33,28,0
2023-02-10,Apparel,West,2076.26,10,2
2023-02-11,Books,West,1341.62,23,1
2023-02-12,Sports,South,2362.85,9,1
2023-02-13,Grocery,South,355.82,7,0
2023-02-16,Sports,South,20399.65,59,3
2023-02-17,Beauty,North,3336.64,21,5
2023-02-19,Grocery,North,2508.15,48,1
2023-02-19,Beauty,South,4008.03,37,10
2023-02-19,Books,South,1709.97,37,2
2023-02-19,Grocery,South,2617.77,37,1
2023-02-20,Grocery,South,1456.26,23,0
2023-02-20,Beauty,South,2913.32,24,4
2023-02-22,Home,North,12529.28,35,3
2023-02-22,Electronics,South,49571.19,42,1
2023-02-23,Home,South,1654.87,4,0
2023-02-24,Sports,North,9533.14,41,6
2023-02-26,Electronics,North,37568.78,45,3
2023-02-26,Books,North,134.94,3,0
2023-02-28,Grocery,North,409.01,5,0
2023-02-28,Grocery,North,1514.06,30,1
2023-03-03,Grocery,South,3243.58,38,1
2023-03-03,Home,West,9155.23,20,1
2023-03-03,Apparel,East,8764.28,32,9
2023-03-04,Beauty,West,9649.3,56,9
2023-03-04,Books,North,604.29,15,0
2023-03-05,Apparel,North,12875.75,51,15
2023-03-05,Home,North,7371.63,20,2
2023-03-06,Sports,South,8920.76,41,2
2023-03-07,Electronics,East,9755.68,9,1
2023-03-08,Apparel,North,2714.05,14,5
2023-03-08,Electronics,North,20047.4,26,1
2023-03-08,Home,South,20052.46,54,3
2023-03-09,Electronics,West,35172.19,32,1
2023-03-09,Electronics,South,43293.55,53,1
2023-03-09,Grocery,West,4173.85,49,1
2023-03-10,Books,West,1338.72,25,1
2023-03-10,Electronics,West,33779.44,34,2
2023-03-14,Apparel,East,7142.57,39,4
2023-03-15,Books,South,2199.19,45,3
2023-03-17,Beauty,South,6128.46,41,10
2023-03-17,Beauty,North,6451.77,39,8
2023-03-18,Apparel,North,3354.7,13,2
2023-03-20,Grocery,North,495.78,8,0
2023-03-21,Books,North,1295.54,33,2
2023-03-22,Home,North,7908.41,31,3
2023-03-22,Beauty,East,8609.95,55,6
2023-03-23,Home,South,1412.05,4,0
2023-03-24,Books,West,282.68,8,0
2023-03-24,Electronics,North,45485.85,42,2
2023-03-25,Books,North,978.44,24,1
2023-03-26,Apparel,East,3754.19,22,2
2023-03-27,Sports,North,11155.95,34,4
2023-03-27,Home,West,17052.8,48,5
2023-03-30,Sports,East,4218.66,13,2
2023-03-31,Grocery,West,1147.65,13,0
2023-03-31,Apparel,East,2574.51,11,2
2023-04-02,Grocery,North,2499.26,43,1
2023-04-02,Books,South,1890.29,37,1
2023-04-03,Electronics,North,29860.4,40,1
2023-04-04,Grocery,North,1977.77,30,0
2023-04-04,Books,North,286.93,6,0
2023-04-05,Books,West,1906.05,31,2
2023-04-07,Sports,West,4573.59,17,3
2023-04-08,Books,North,1267.94,30,1
2023-04-08,Home,West,6229.97,20,2
2023-04-09,Beauty,West,6301.02,45,9
2023-04-09,Grocery,South,690.75,9,0
2023-04-09,Home,North,9233.77,31,3
2023-04-09,Home,North,13759.99,32,3
2023-04-10,Apparel,South,364.16,2,0
2023-04-11,Sports,East,3722.44,11,1
2023-04-11,Apparel,East,9737.59,57,9
2023-04-11,Books,West,467.03,9,1
2023-04-11,Apparel,South,7042.36,42,6
2023-04-11,Books,West,376.52,11,0
2023-04-13,Grocery,North,3344.91,55,1
2023-04-14,Beauty,North,4740.03,36,4
2023-04-14,Home,North,13271.32,47,5
2023-04-16,Home,North,12479.27,37,4
2023-04-17,Books,North,1216.06,37,2
2023-04-19,Books,East,643.77,16,1
2023-04-19,Beauty,East,5783.67,51,13
2023-04-19,Apparel,North,3818.47,17,3
2023-04-20,Books,North,2792.63,57,3
2023-04-20,Electronics,North,34245.22,32,2
2023-04-21,Books,South,2381.99,49,4
2023-04-22,Apparel,West,9226.16,51,10
2023-04-22,Sports,West,17645.99,54,6
2023-04-22,Electronics,West,41332.5,48,2
2023-04-23,Apparel,North,1497.13,6,1
2023-04-23,Home,North,732.56,2,0
2023-04-26,Books,South,2275.61,56,3
2023-04-26,Beauty,West,1743.05,10,1
2023-04-26,Grocery,West,2950.14,33,0
2023-04-26,Electronics,North,33118.9,28,1
2023-04-27,Beauty,North,6079.86,59,9
2023-04-27,Beauty,North,1291.71,9,1
2023-04-27,Grocery,South,1018.72,14,0
2023-04-29,Sports,East,2304.68,9,1
2023-04-30,Books,North,535.62,16,1
2023-05-01,Electronics,South,7268.57,7,0
2023-05-02,Apparel,West,14060.38,59,7
2023-05-02,Beauty,North,4494.31,37,10
2023-05-03,Books,North,384.14,8,0
2023-05-04,Sports,South,2367.91,8,1
2023-05-04,Beauty,North,3248.49,22,5
2023-05-05,Grocery,South,2251.39,33,1
2023-05-06,Apparel,West,1193.99,4,1
2023-05-06,Electronics,West,60135.11,48,2
2023-05-07,Home,West,12708.22,27,1
2023-05-07,Grocery,West,2097.96,28,1
2023-05-07,Beauty,West,4697.24,39,9
2023-05-07,Beauty,North,6788.74,42,4
2023-05-08,Books,North,2880.52,59,4
2023-05-10,Beauty,South,7082.32,42,11
2023-05-10,Sports,South,20626.7,56,6
2023-05-12,Grocery,West,549.89,8,0
2023-05-12,Electronics,North,40990.77,49,3
2023-05-13,Electronics,North,44448.2,50,3
2023-05-15,Books,North,1361.63,38,2
2023-05-16,Electronics,East,12609.38,11,0
2023-05-17,Grocery,South,401.92,7,0
2023-05-17,Books,South,2021.16,34,2
2023-05-17,Books,South,3603.69,57,3
2023-05-18,Apparel,East,17364.58,59,10
2023-05-18,Apparel,West,10617.05,37,11
2023-05-18,Beauty,North,2615.47,17,4
2023-05-18,Apparel,North,6608.44,33,4
2023-05-18,Beauty,North,5287.55,45,9
2023-05-19,Books,North,1813.26,34,1
2023-05-19,Apparel,East,2197.95,9,2
2023-05-19,Books,East,2737.26,57,3
2023-05-20,Apparel,North,14334.19,52,10
2023-05-20,Books,East,1727.45,49,1
2023-05-21,Home,East,10859.82,29,2
2023-05-22,Books,West,2409.57,41,1
2023-05-24,Apparel,East,8352.84,51,10
2023-05-25,Apparel,North,4349.53,18,3
2023-05-25,Electronics,North,12156.55,10,0
2023-05-26,Books,South,3365.5,54,2
2023-05-27,Electronics,East,21493.85,22,1
2023-05-28,Electronics,East,40389.35,51,3
2023-05-29,Apparel,West,278.12,1,0
2023-05-30,Sports,South,18000.95,55,7
2023-05-30,Electronics,East,20729.95,23,1
2023-05-30,Grocery,South,659,9,0
2023-05-30,Home,South,10479.72,33,4
2023-05-30,Sports,West,3445.3,11,1
2023-05-31,Beauty,South,808.14,6,1
2023-05-31,Books,South,653.84,14,1
2023-06-01,Sports,North,1188.9,6,1
2023-06-01,Electronics,North,2900.04,4,0
2023-06-03,Sports,North,5325.73,19,2
2023-06-03,Apparel,North,9876.02,40,12
2023-06-03,Sports,West,5371.16,15,1
2023-06-03,Books,North,454.69,12,1
2023-06-04,Grocery,South,2521.12,31,0
2023-06-04,Books,North,1838.05,34,2
2023-06-05,Home,East,10982.43,36,2
2023-06-06,Sports,South,8116.91,25,2
2023-06-09,Home,South,16107.56,49,3
2023-06-10,Grocery,South,2920.25,47,1
2023-06-12,Home,West,4160.17,14,1
2023-06-12,Books,West,1349.64,21,1
2023-06-12,Apparel,West,11458.72,52,10
2023-06-14,Electronics,West,19684.03,24,1
2023-06-15,Books,North,1358.62,23,1
2023-06-15,Electronics,East,47322.01,58,3
2023-06-17,Books,North,94.1,2,0
2023-06-17,Sports,East,8075.04,28,2
2023-06-18,Beauty,East,756.64,5,1
2023-06-19,Electronics,West,44860.02,47,1
2023-06-19,Apparel,South,3714.28,14,2
2023-06-20,Grocery,North,2601.82,42,1
2023-06-20,Sports,South,5537.85,18,2
2023-06-22,Books,West,3070.56,53,4
2023-06-22,Home,East,17618.39,56,3
2023-06-25,Sports,South,6795.93,19,3
2023-06-25,Beauty,West,4162.06,30,6
2023-06-25,Grocery,East,3255.13,36,1
2023-06-26,Books,South,450.53,7,0
2023-06-27,Electronics,East,39359.38,33,2
2023-06-27,Grocery,West,3410.91,35,0
2023-06-27,Electronics,West,3403.57,4,0
2023-06-28,Apparel,East,4176.38,20,6
2023-06-28,Books,North,1289.94,35,2
2023-06-28,Electronics,West,27642.36,25,1
2023-06-29,Electronics,North,4612.5,5,0
2023-06-30,Books,East,1623.63,27,2
2023-07-01,Electronics,East,18385.62,16,1
2023-07-03,Books,West,565.56,9,1
2023-07-03,Sports,South,2306.93,8,1
2023-07-03,Home,East,9807.29,31,2
2023-07-04,Grocery,East,3966.01,42,1
2023-07-04,Grocery,North,860.11,13,0
2023-07-04,Grocery,South,1203.61,19,1
2023-07-04,Books,North,640.24,13,1
2023-07-04,Home,North,16460.06,60,4
2023-07-05,Sports,North,11911.55,48,7
2023-07-05,Home,North,3766.3,12,1
2023-07-06,Grocery,West,2572.46,42,1
2023-07-07,Apparel,West,10803.32,48,9
2023-07-08,Sports,South,16492.29,50,5
2023-07-11,Apparel,West,10509.62,36,10
2023-07-11,Home,North,2565.84,8,0
2023-07-12,Electronics,West,51985.57,45,2
2023-07-12,Apparel,South,4082.08,14,4
2023-07-13,Electronics,South,41767.29,50,1
2023-07-13,Grocery,East,3962.99,58,1
2023-07-13,Electronics,East,49261.41,49,2
2023-07-13,Sports,West,8138.94,28,4
2023-07-13,Home,West,2439.05,5,1
2023-07-14,Electronics,North,13701.59,18,1
2023-07-16,Books,West,1533.53,36,1
2023-07-18,Beauty,North,3636.8,29,6
2023-07-18,Apparel,East,2413.9,11,3
2023-07-19,Home,North,8815.69,19,2
2023-07-20,Apparel,East,12192.93,50,11
2023-07-21,Electronics,North,3539.02,3,0
2023-07-21,Beauty,South,9258.49,52,6
2023-07-22,Books,West,875.77,23,1
2023-07-22,Apparel,West,14282.75,53,8
2023-07-23,Beauty,South,3091.12,19,4
2023-07-23,Home,South,7139.65,17,2
2023-07-25,Apparel,North,6781.65,29,8
2023-07-25,Apparel,North,4979.44,24,5
2023-07-25,Grocery,West,3043.28,36,0
2023-07-26,Grocery,East,4639.82,60,2
2023-07-26,Apparel,North,12506.52,48,6
2023-07-26,Apparel,South,12378.31,60,9
2023-07-26,Grocery,South,3432.7,58,1
2023-07-26,Grocery,North,1467.29,26,0
2023-07-27,Beauty,East,3924.61,22,5
2023-07-27,Home,North,5647.5,14,1
2023-07-28,Apparel,East,5907.56,25,4
2023-07-28,Apparel,West,6969.84,33,5
2023-07-28,Beauty,North,7673.13,58,10
2023-07-30,Books,West,1126.07,29,1
2023-07-31,Grocery,North,2359.08,43,0
2023-07-31,Home,South,2796.31,8,1
2023-07-31,Beauty,West,9801.41,52,6
2023-08-01,Books,West,3160.62,55,3
2023-08-01,Books,West,1320.7,29,2
2023-08-01,Grocery,East,80.1,1,0
2023-08-02,Books,North,2311.42,49,2
2023-08-03,Electronics,South,4742.76,4,0
2023-08-03,Sports,South,13123.52,43,4
2023-08-03,Apparel,South,15037.88,52,13
2023-08-04,Electronics,East,49521.22,59,1
2023-08-04,Sports,North,2104.53,7,0
2023-08-04,Sports,North,7091.13,32,5
2023-08-04,Home,North,1252.55,4,0
2023-08-05,Sports,East,7941.23,27,2
2023-08-05,Apparel,North,4438.33,23,3
2023-08-05,Beauty,South,1551.42,14,2
2023-08-06,Apparel,North,5067.23,24,7
2023-08-07,Electronics,South,11339.42,10,1
2023-08-07,Apparel,South,3781.9,13,2
2023-08-08,Electronics,South,22832.18,22,1
2023-08-08,Beauty,North,1887.48,11,2
2023-08-10,Apparel,South,11896.25,38,8
2023-08-10,Home,South,14269.29,28,3
2023-08-11,Grocery,South,2981.43,36,1
2023-08-12,Books,West,2290.82,40,1
2023-08-12,Apparel,South,1136.72,6,1
2023-08-14,Beauty,North,8936.7,55,14
2023-08-15,Books,North,3153.54,59,2
2023-08-15,Books,North,2224.59,41,3
2023-08-17,Books,North,1735.86,39,1
2023-08-18,Home,North,14336.63,43,3
2023-08-19,Beauty,North,2366.3,20,3
2023-08-19,Home,South,12832.9,31,3
2023-08-19,Apparel,North,397.47,2,0
2023-08-22,Electronics,North,27762.66,33,2
2023-08-22,Sports,West,18476.1,51,4
2023-08-22,Beauty,West,2138.45,11,2
2023-08-24,Electronics,North,16061.74,14,0
2023-08-25,Books,West,2430.19,57,4
2023-08-25,Grocery,North,109.42,2,0
2023-08-26,Beauty,South,7020.27,60,12
2023-08-26,Books,West,1251.25,19,1
2023-08-27,Grocery,North,4141.64,47,1
2023-08-28,Electronics,West,69963.68,51,1
2023-08-29,Electronics,South,35276.54,36,2
2023-08-29,Apparel,South,718.99,3,0
2023-08-29,Sports,South,10654.78,31,2
2023-08-30,Books,East,643.84,19,1
2023-08-30,Books,North,2646.02,54,2
2023-08-30,Beauty,West,7996.47,40,5
2023-08-31,Electronics,South,44290.95,37,1
2023-09-01,Books,South,2668.12,42,2
2023-09-02,Electronics,West,30712.16,36,1
2023-09-02,Home,East,2223.57,7,0
2023-09-04,Beauty,East,2723.08,20,4
2023-09-04,Grocery,North,583.3,7,0
2023-09-05,Grocery,West,183.4,2,0
2023-09-06,Home,East,17692.62,51,6
2023-09-06,Beauty,South,2745.73,17,4
2023-09-07,Sports,North,4824.51,17,1
2023-09-09,Home,West,316.11,1,0
2023-09-10,Apparel,West,1572.68,6,1
2023-09-11,Home,South,12244.78,23,2
2023-09-12,Electronics,West,15596.48,20,0
2023-09-13,Books,North,3155.32,53,4
2023-09-13,Books,East,1524,26,1
2023-09-13,Beauty,South,4924.53,39,8
2023-09-13,Home,East,7927.71,26,2
2023-09-15,Electronics,North,30315.02,39,1
2023-09-16,Grocery,East,1621.04,22,0
2023-09-17,Beauty,North,4299.34,35,6
2023-09-17,Books,South,716.17,15,1
2023-09-17,Apparel,South,1701.82,5,1
2023-09-18,Home,South,10876.78,26,1
2023-09-18,Apparel,North,9871.28,59,15
2023-09-19,Electronics,North,27029.53,25,1
2023-09-20,Apparel,South,9384.22,29,6
2023-09-20,Books,East,989.3,24,1
2023-09-21,Home,North,15115.97,51,5
2023-09-22,Books,South,696.12,14,1
2023-09-23,Home,South,1075.99,2,0
2023-09-23,Grocery,South,3844.47,40,1
2023-09-23,Home,North,15591.81,46,4
2023-09-25,Grocery,West,3807.63,38,1
2023-09-25,Home,East,5387.22,14,1
2023-09-25,Grocery,West,2308.14,28,1
2023-09-26,Electronics,South,2884.65,3,0
2023-09-27,Electronics,West,29314.64,35,1
2023-09-29,Electronics,North,43577.52,35,1
2023-09-29,Home,West,9243.14,18,1
2023-09-29,Home,West,23305.9,48,3
2023-09-30,Beauty,West,1861.97,15,3
2023-10-03,Books,South,463.06,9,1
2023-10-03,Apparel,West,3973.02,20,3
2023-10-04,Beauty,East,7325.18,55,10
2023-10-04,Apparel,East,1079.72,5,1
2023-10-04,Home,South,7037.61,16,1
2023-10-05,Beauty,North,3723.34,27,4
2023-10-05,Grocery,South,472.76,5,0
2023-10-05,Grocery,West,3331.77,36,1
2023-10-07,Grocery,East,2982.75,32,0
2023-10-07,Electronics,South,23034.88,27,1
2023-10-09,Apparel,North,4645.22,24,7
2023-10-11,Sports,East,6827.64,30,4
2023-10-12,Grocery,South,4572.44,41,1
2023-10-13,Beauty,South,6264.33,31,7
2023-10-15,Beauty,South,2400.67,14,3
2023-10-16,Apparel,East,7986.78,32,9
2023-10-16,Electronics,South,6147.8,5,0
2023-10-17,Books,South,2753.13,52,4
2023-10-18,Books,South,1052.4,16,1
2023-10-21,Electronics,East,11569.06,15,0
2023-10-22,Apparel,North,2076.45,12,4
2023-10-23,Home,South,13913.71,31,2
2023-10-24,Sports,North,8686.83,27,3
2023-10-25,Sports,South,17197.27,53,4
2023-10-25,Beauty,West,5670.35,41,5
2023-10-27,Home,West,10796.44,31,3
2023-10-27,Home,East,14988.86,35,4
2023-10-28,Home,West,3172.77,9,1
2023-10-30,Apparel,West,12063.69,56,9
2023-10-31,Beauty,South,7224.62,36,8
2023-11-03,Beauty,East,1542.82,15,4
2023-11-04,Books,South,92.45,2,0
2023-11-06,Electronics,North,39198.13,43,1
2023-11-06,Home,South,5161.9,11,1
2023-11-07,Electronics,West,36761.27,35,1
2023-11-08,Electronics,North,15582.58,21,1
2023-11-09,Grocery,South,2477.29,28,1
2023-11-09,Books,West,688.79,11,0
2023-11-09,Home,North,9405.66,21,2
2023-11-11,Apparel,West,579.19,2,0
2023-11-11,Beauty,East,4457.82,38,10
2023-11-12,Sports,North,701.48,2,0
2023-11-13,Home,South,10535.91,23,2
2023-11-14,Sports,South,21235.37,54,4
2023-11-14,Home,South,12645.85,35,4
2023-11-14,Beauty,East,9428.07,55,8
2023-11-15,Sports,South,6900.99,27,3
2023-11-15,Beauty,East,1196.74,8,2
2023-11-15,Beauty,East,2099.5,15,3
2023-11-16,Electronics,East,36582.04,30,2
2023-11-17,Home,East,5929.88,22,1
2023-11-19,Beauty,East,916.28,9,1
2023-11-19,Home,North,10949.4,24,1
2023-11-19,Sports,West,3137.17,9,1
2023-11-20,Sports,West,6296.29,23,2
2023-11-21,Beauty,West,7572.87,48,10
2023-11-22,Beauty,West,4161.63,25,5
2023-11-23,Apparel,South,12960.66,39,11
2023-11-24,Apparel,North,5009.55,21,7
2023-11-24,Beauty,North,3681.08,23,3
2023-11-24,Sports,West,13789.19,33,2
2023-11-25,Home,North,13805.13,34,2
2023-11-25,Apparel,East,10920.64,50,13
2023-11-27,Books,East,765.81,19,1
2023-11-27,Apparel,North,787.67,4,1
2023-11-28,Books,North,166.21,3,0
2023-11-28,Apparel,North,3215.23,18,3
2023-11-29,Electronics,North,12797.04,11,0
2023-11-30,Beauty,South,6654.36,39,9
2023-12-01,Electronics,North,25944,35,1
2023-12-03,Apparel,East,4789.75,27,4
2023-12-03,Home,East,15843.12,39,4
2023-12-04,Grocery,East,4049.35,60,1
2023-12-04,Beauty,West,2362.65,16,2
2023-12-04,Books,West,935.1,22,1
2023-12-05,Beauty,South,4076.93,30,3
2023-12-05,Apparel,North,7833.48,30,9
2023-12-05,Grocery,East,1957.65,22,0
2023-12-06,Sports,South,5504.75,13,2
2023-12-06,Books,West,314.91,7,0
2023-12-07,Home,North,7654.54,16,2
2023-12-07,Beauty,West,371.43,3,1
2023-12-08,Sports,South,16028.88,55,8
2023-12-09,Electronics,South,2768.69,2,0
2023-12-09,Beauty,West,2210.9,18,4
2023-12-10,Grocery,North,1247.22,13,0
2023-12-10,Apparel,South,13214.83,41,10
2023-12-11,Home,North,21346.59,49,4
2023-12-12,Beauty,East,7966.84,44,5
2023-12-12,Electronics,North,36234.72,29,1
2023-12-13,Books,West,2663.58,36,2
2023-12-14,Books,East,1619.98,33,1
2023-12-14,Books,South,1147.6,23,1
2023-12-14,Grocery,East,3945.45,51,1
2023-12-14,Grocery,North,388.51,5,0
2023-12-14,Beauty,West,4790.69,24,4
2023-12-15,Books,East,901.53,17,1
2023-12-15,Beauty,North,4862.19,46,7
2023-12-18,Electronics,North,33501.57,30,1
2023-12-18,Apparel,South,4916.22,15,3
2023-12-20,Beauty,North,8495.37,51,9
2023-12-20,Sports,North,247.71,1,0
2023-12-20,Beauty,West,2679.36,13,2
2023-12-21,Apparel,East,7184.17,29,8
2023-12-22,Home,North,2140.2,7,1
2023-12-22,Home,South,25173.25,50,4
2023-12-23,Grocery,West,3482.36,41,1
2023-12-23,Grocery,West,2633.99,38,1
2023-12-27,Sports,West,4674.85,12,1
2023-12-27,Home,South,28942.53,52,4
2023-12-28,Sports,South,15948.47,42,4
2023-12-29,Sports,West,4342.24,13,1
2023-12-31,Sports,North,17135.87,55,6
2024-01-03,Electronics,North,30052.93,37,2
2024-01-03,Electronics,West,37175.59,40,2
2024-01-04,Apparel,North,10372.5,47,12
2024-01-05,Home,South,15377.72,35,3
2024-01-05,Sports,East,8909.85,30,3
2024-01-06,Beauty,East,1030.43,6,1
2024-01-06,Apparel,North,577.11,2,0
2024-01-06,Home,South,13115.72,33,2
2024-01-07,Books,North,1419.4,33,1
2024-01-07,Books,North,175.26,4,0
2024-01-09,Home,North,4829.99,16,1
2024-01-10,Grocery,East,2479.63,43,1
2024-01-12,Sports,North,9319.05,34,5
2024-01-12,Books,South,261.09,5,0
2024-01-14,Apparel,East,6164.37,28,5
2024-01-16,Beauty,East,1860.63,11,2
2024-01-16,Home,East,10914.21,26,3
2024-01-16,Beauty,North,7772.89,56,12
2024-01-18,Home,East,6595.15,14,1
2024-01-18,Books,West,509.13,10,1
2024-01-19,Electronics,East,8604.83,11,0
2024-01-21,Home,North,3104.94,10,0
2024-01-22,Sports,East,1709.47,6,1
2024-01-23,Home,West,2080.19,4,0
2024-01-24,Beauty,West,2750.81,14,1
2024-01-25,Electronics,West,39472.14,41,1
2024-01-26,Apparel,West,13341.81,56,11
2024-01-26,Grocery,South,3901.68,54,1
2024-01-27,Home,North,6212.65,17,2
2024-01-28,Sports,East,18061.99,56,5
2024-01-28,Home,North,314.12,1,0
2024-02-01,Electronics,North,35219.87,31,2
2024-02-01,Electronics,North,24639.34,21,1
2024-02-02,Books,North,1784.1,39,2
2024-02-03,Grocery,East,1176.93,21,0
2024-02-03,Sports,East,6636.74,23,1
2024-02-03,Beauty,South,2211.55,15,3
2024-02-03,Apparel,East,2618.84,11,2
2024-02-03,Books,South,2653.69,37,2
2024-02-05,Apparel,West,7503.32,23,5
2024-02-07,Beauty,North,7607.98,42,5
2024-02-09,Apparel,South,888.82,4,0
2024-02-09,Beauty,West,3805.76,17,4
2024-02-09,Sports,South,7272.69,24,2
2024-02-09,Home,East,15133.42,43,5
2024-02-09,Grocery,East,2121.81,27,1
2024-02-09,Beauty,North,805.49,5,1
2024-02-10,Beauty,West,4882.91,39,10
2024-02-10,Books,West,477.81,10,0
2024-02-11,Home,North,15506.57,41,2
2024-02-13,Grocery,North,5398.25,59,2
2024-02-13,Sports,East,14232.48,56,7
2024-02-14,Electronics,North,10600.95,15,0
2024-02-14,Grocery,South,5642.3,52,1
2024-02-14,Grocery,East,1273.79,18,1
2024-02-14,Sports,North,19929.21,60,3
2024-02-15,Grocery,West,4638.55,47,1
2024-02-15,Apparel,East,2154.21,7,2
2024-02-15,Apparel,South,9656.67,28,9
2024-02-15,Electronics,West,58210.49,51,1
2024-02-17,Books,North,840.93,21,1
2024-02-17,Home,South,19390.44,59,3
2024-02-18,Grocery,North,362.8,5,0
2024-02-20,Sports,East,9138.41,35,3
2024-02-20,Sports,South,16354.22,47,7
2024-02-20,Sports,South,15086.14,34,5
2024-02-21,Apparel,East,1062.08,4,0
2024-02-21,Grocery,South,2381.21,27,0
2024-02-21,Grocery,North,3442.64,57,1
2024-02-21,Books,South,1901.71,40,2
2024-02-22,Electronics,South,7960.24,8,0
2024-02-22,Grocery,North,3882.98,41,1
2024-02-22,Beauty,North,2733.72,19,4
2024-02-23,Beauty,South,2234.82,11,3
2024-02-24,Electronics,East,49089.8,48,2
2024-02-24,Apparel,North,10277.39,47,11
2024-02-24,Books,North,2260.67,46,2
2024-02-24,Grocery,West,3443.88,52,1
2024-02-25,Electronics,West,41879.85,41,2
2024-02-26,Apparel,North,8341.13,43,13
2024-02-27,Books,West,3903.74,55,3
2024-02-27,Home,North,4602.1,17,2
2024-02-28,Home,North,6409.76,13,1
2024-02-28,Electronics,West,12847.41,11,0
2024-02-29,Beauty,South,8585.94,57,10
2024-02-29,Books,West,822.82,13,1
2024-03-01,Grocery,West,2117.91,25,1
2024-03-02,Electronics,South,67510.77,60,3
2024-03-03,Home,South,22761.8,55,6
2024-03-03,Grocery,South,3744.24,52,1
2024-03-04,Sports,West,21929.43,49,7
2024-03-04,Electronics,South,60906.2,47,1
2024-03-05,Electronics,West,8307.71,9,0
2024-03-05,Beauty,South,10559.62,55,13
2024-03-06,Apparel,West,6035.44,23,7
2024-03-06,Electronics,West,21331.83,25,1
2024-03-07,Grocery,North,252.66,4,0
2024-03-07,Home,South,26575.92,58,6
2024-03-08,Grocery,North,439.28,5,0
2024-03-08,Electronics,West,58249.36,47,1
2024-03-08,Home,East,21942.21,59,3
2024-03-09,Grocery,North,555.03,6,0
2024-03-09,Grocery,West,3453.39,32,0
2024-03-11,Grocery,North,2524.28,30,1
2024-03-14,Apparel,West,16383.13,56,10
2024-03-17,Apparel,North,15282.7,51,15
2024-03-17,Books,West,2942.52,38,3
2024-03-18,Electronics,North,7797.07,10,0
2024-03-19,Home,West,26532.57,47,3
2024-03-19,Books,North,1620.03,39,2
2024-03-19,Beauty,South,4544.86,28,5
2024-03-19,Books,South,1512.16,19,1
2024-03-20,Grocery,West,1582.34,20,0
2024-03-20,Home,North,14482.37,53,5
2024-03-20,Books,North,1021.62,19,1
2024-03-22,Electronics,East,54656.23,48,2
2024-03-22,Books,South,2669.9,58,3
2024-03-22,Books,North,1669.62,34,1
2024-03-23,Apparel,West,844.3,4,1
2024-03-23,Sports,North,1112.9,4,0
2024-03-24,Grocery,South,2775.37,33,1
2024-03-25,Apparel,North,289.17,1,0
2024-03-26,Sports,North,6975.96,31,4
2024-03-27,Electronics,South,9275.95,10,0
2024-03-28,Books,North,1147.8,25,2
2024-03-29,Electronics,South,51447.45,55,2
2024-03-29,Home,North,12385.21,41,5
2024-03-31,Books,West,3099.45,41,3
2024-03-31,Books,East,535.81,10,0
2024-04-01,Beauty,East,6360.94,48,8
2024-04-01,Electronics,North,48659.74,39,1
2024-04-01,Home,South,14500.55,33,2
2024-04-01,Electronics,North,34455.34,42,1
2024-04-02,Apparel,West,2638.95,8,2
2024-04-03,Electronics,North,43357.89,47,2
2024-04-03,Grocery,South,2628.14,23,0
2024-04-04,Beauty,West,3835.89,30,6
2024-04-04,Sports,North,3915.25,13,1
2024-04-04,Books,South,1687.55,37,1
2024-04-05,Home,East,10628.42,34,4
2024-04-05,Sports,North,8330.43,34,5
2024-04-07,Apparel,East,10565.55,37,7
2024-04-07,Apparel,West,8069.78,25,5
2024-04-08,Home,North,8916.68,21,1
2024-04-08,Books,West,4066.13,57,3
2024-04-09,Grocery,East,2704.54,42,1
2024-04-09,Home,South,17236.28,48,3
2024-04-10,Electronics,North,4301.11,4,0
2024-04-11,Grocery,South,1314.98,12,0
2024-04-12,Sports,North,3592.19,13,1
2024-04-12,Sports,East,2613.42,8,0
2024-04-13,Books,North,725.68,12,1
2024-04-14,Grocery,North,2432.81,30,0
2024-04-16,Sports,West,26697.06,57,4
2024-04-16,Home,South,10023.4,18,1
2024-04-16,Apparel,North,3673.28,21,5
2024-04-18,Home,North,19715.81,53,5
2024-04-18,Sports,North,15388.88,56,8
2024-04-19,Beauty,South,10285.58,45,11
2024-04-21,Sports,East,5988.82,21,1
2024-04-21,Grocery,East,214.23,3,0
2024-04-21,Books,North,680.83,12,1
2024-04-21,Sports,West,5972.48,17,1
2024-04-23,Beauty,South,4287.35,24,6
2024-04-24,Grocery,West,3028.45,28,1
2024-04-24,Home,North,7469.52,24,2
2024-04-25,Grocery,North,2717.87,38,1
2024-04-25,Beauty,South,2409.15,16,4
2024-04-25,Electronics,West,35365.37,22,1
2024-04-26,Books,South,1122.95,22,1
2024-04-27,Beauty,South,2943.45,16,3
2024-04-27,Grocery,East,3708,37,1
2024-05-01,Electronics,South,62679.55,49,1
2024-05-01,Electronics,South,29276.05,24,1
2024-05-01,Sports,North,5665.48,15,2
2024-05-01,Sports,West,19399.73,56,7
2024-05-02,Grocery,West,3694.89,49,1
2024-05-03,Electronics,South,58002.24,37,1
2024-05-03,Apparel,North,4819.66,19,3
2024-05-04,Beauty,East,6270.05,50,8
2024-05-06,Electronics,South,56088.5,41,1
2024-05-07,Grocery,East,252.92,4,0
2024-05-07,Books,East,2562.24,55,1
2024-05-10,Home,North,9541.61,22,2
2024-05-10,Grocery,North,770.54,9,0
2024-05-11,Electronics,West,8719.02,6,0
2024-05-12,Beauty,North,5019.02,41,9
2024-05-12,Apparel,West,8860.06,38,7
2024-05-12,Books,North,867.95,21,1
2024-05-12,Grocery,North,2186.6,23,1
2024-05-12,Books,East,2302.87,53,2
2024-05-14,Sports,North,19337.19,54,6
2024-05-14,Sports,East,12604.93,39,5
2024-05-16,Grocery,East,404.55,6,0
2024-05-16,Books,West,1043.15,20,1
2024-05-17,Sports,West,16733.48,53,6
2024-05-18,Grocery,North,3071.07,36,1
2024-05-19,Home,East,10154.72,21,2
2024-05-21,Grocery,East,788.59,12,0
2024-05-22,Apparel,East,7987.5,31,6
2024-05-22,Beauty,South,4476.78,25,3
2024-05-23,Beauty,West,2435.46,17,2
2024-05-24,Sports,North,11121.74,35,4
2024-05-24,Apparel,East,10542.09,35,6
2024-05-24,Apparel,North,6926.23,31,7
2024-05-24,Electronics,East,15309.2,12,1
2024-05-24,Beauty,North,530.83,3,0
2024-05-24,Sports,South,9716.79,22,2
2024-05-25,Beauty,North,2970.54,22,4
2024-05-26,Books,North,109.2,3,0
2024-05-26,Apparel,West,14676.18,54,13
2024-05-26,Sports,North,4199.49,19,2
2024-05-26,Apparel,West,2364.73,8,2
2024-05-27,Electronics,North,11446.99,14,1
2024-05-27,Electronics,North,10161.53,11,0
2024-05-27,Sports,West,15502.44,45,4
2024-05-29,Sports,North,12083.62,50,4
2024-05-30,Grocery,West,3179.73,33,1
2024-05-31,Grocery,West,1824.38,25,0
2024-06-01,Books,West,3538.85,45,2
2024-06-02,Books,South,1440.77,27,2
2024-06-02,Sports,West,1311.21,3,0
2024-06-02,Beauty,East,7807.15,49,9
2024-06-04,Books,West,662.98,12,1
2024-06-04,Books,South,2755.43,34,2
2024-06-04,Electronics,West,72225.42,57,3
2024-06-06,Home,East,16022.41,32,1
2024-06-07,Books,North,2373.82,45,3
2024-06-08,Electronics,West,69938.79,50,3
2024-06-08,Electronics,West,11366.5,11,1
2024-06-09,Home,North,4663.05,13,1
2024-06-09,Books,West,2923.84,48,3
2024-06-09,Apparel,West,4072.53,10,3
2024-06-10,Books,West,2686.11,47,3
2024-06-11,Books,South,1216.94,21,1
2024-06-11,Books,East,491.98,8,0
2024-06-11,Sports,West,13033.88,48,4
2024-06-12,Sports,East,9622.16,38,3
2024-06-13,Home,South,32431.2,54,4
2024-06-13,Books,East,1205.24,28,2
2024-06-13,Apparel,North,13545.59,51,14
2024-06-14,Apparel,West,4077.18,18,4
2024-06-14,Electronics,South,10277.44,7,0
2024-06-16,Home,South,12422.66,30,3
2024-06-16,Home,North,24665.17,54,3
2024-06-17,Beauty,North,3968.84,28,3
2024-06-17,Apparel,North,1740.78,6,2
2024-06-18,Sports,West,11179.67,41,5
2024-06-18,Beauty,South,8117.56,56,11
2024-06-20,Apparel,East,14362.11,58,11
2024-06-21,Beauty,North,3176.05,20,5
2024-06-21,Grocery,South,4561.7,57,1
2024-06-21,Home,South,17350.27,45,5
2024-06-22,Electronics,South,14359.09,10,0
2024-06-22,Books,North,2612.73,60,4
2024-06-22,Sports,South,13293.2,49,6
2024-06-22,Books,North,1497.7,31,1
2024-06-23,Home,South,20038.06,50,5
2024-06-23,Apparel,South,9324.32,25,4
2024-06-23,Books,East,1061.27,24,1
2024-06-24,Grocery,West,6306.91,56,1
2024-06-25,Sports,East,7444.23,25,3
2024-06-26,Apparel,North,760.45,3,1
2024-06-26,Apparel,North,7681.48,41,11
2024-06-26,Electronics,West,45541.58,31,1
2024-06-29,Beauty,North,4285.29,29,6
2024-06-30,Home,West,4308.95,10,1
2024-06-30,Beauty,East,4576.36,24,6
2024-07-01,Sports,North,18860.42,56,4
2024-07-01,Sports,West,14322.21,33,4
2024-07-03,Electronics,South,10366.75,9,0
2024-07-03,Beauty,North,3746.39,24,3
2024-07-03,Grocery,North,718.28,8,0
2024-07-03,Grocery,South,1651.56,19,0
2024-07-05,Grocery,North,248.75,3,0
2024-07-05,Home,South,5676.69,9,1
2024-07-05,Books,West,1992.31,29,2
2024-07-05,Beauty,West,4107.14,25,6
2024-07-05,Beauty,East,3670.19,25,5
2024-07-06,Apparel,North,10500.93,48,12
2024-07-06,Apparel,East,7370.29,24,5
2024-07-07,Apparel,West,14796.02,36,8
2024-07-08,Grocery,North,2121.04,32,1
2024-07-08,Apparel,North,5687.05,28,6
2024-07-08,Beauty,East,5693.76,43,11
2024-07-09,Sports,North,20123.56,53,4
2024-07-10,Grocery,North,3675.63,37,1
2024-07-10,Apparel,North,13796.29,59,8
2024-07-11,Grocery,North,2567.84,38,1
2024-07-11,Books,South,1847.86,32,2
2024-07-11,Grocery,South,2668.49,23,0
2024-07-11,Home,East,15865.04,44,4
2024-07-12,Electronics,South,21239.97,14,0
2024-07-12,Apparel,West,14940.74,41,8
2024-07-12,Books,East,2009.69,44,2
2024-07-15,Sports,North,17851.58,56,5
2024-07-15,Electronics,South,54211.34,33,2
2024-07-16,Home,North,4783.56,12,1
2024-07-18,Grocery,West,253.75,3,0
2024-07-20,Apparel,South,9953.39,36,7
2024-07-20,Sports,South,17865.25,44,6
2024-07-20,Home,North,14397.73,36,2
2024-07-22,Grocery,South,5552.16,60,2
2024-07-23,Beauty,North,3061.91,17,4
2024-07-23,Electronics,South,44832.9,35,1
2024-07-24,Books,North,2534.72,52,2
2024-07-24,Beauty,East,1439.09,8,1
2024-07-24,Home,West,10927.16,24,2
2024-07-25,Grocery,North,2249.17,28,0
2024-07-25,Grocery,South,1986.78,22,0
2024-07-26,Apparel,East,4257.95,13,2
2024-07-26,Books,South,1048.23,16,1
2024-07-26,Books,North,1379.07,36,2
2024-07-27,Grocery,South,1644.69,22,0
2024-07-27,Books,West,1079.17,19,1
2024-07-28,Electronics,West,57610.98,59,3
2024-07-28,Electronics,West,31001.83,22,1
2024-07-29,Electronics,South,16686.27,10,0
2024-07-30,Sports,West,10108.52,32,3
2024-08-01,Home,North,15130.2,31,2
2024-08-02,Sports,East,6274.81,20,1
2024-08-03,Apparel,North,7871.49,25,3
2024-08-06,Electronics,North,3294.43,4,0
2024-08-07,Books,North,48.28,1,0
2024-08-07,Apparel,South,23947.91,57,18
2024-08-07,Sports,West,27201.04,57,3
2024-08-07,Electronics,West,37497.07,27,2
2024-08-08,Beauty,North,6208.96,57,14
2024-08-09,Electronics,West,45830.05,34,1
2024-08-09,Beauty,West,7481.97,30,7
2024-08-11,Books,West,4451.7,60,2
2024-08-11,Sports,West,3234.52,8,1
2024-08-13,Books,East,3284.62,53,3
2024-08-14,Electronics,West,63208.41,46,1
2024-08-15,Books,West,3576.01,48,2
2024-08-15,Sports,North,10369.91,32,3
2024-08-17,Sports,South,17900.08,41,3
2024-08-17,Books,West,3410.46,45,2
2024-08-17,Books,West,288.83,4,0
2024-08-19,Books,South,2127.63,38,2
2024-08-19,Home,South,18684.36,33,3
2024-08-20,Apparel,East,7501.09,29,5
2024-08-21,Books,North,1451.65,23,2
2024-08-21,Beauty,East,908.28,5,1
2024-08-22,Books,South,2707.09,54,3
2024-08-22,Sports,East,5805.28,18,1
2024-08-22,Apparel,North,1688.11,7,2
2024-08-24,Grocery,East,5532.26,56,1
2024-08-26,Electronics,South,34182.22,24,1
2024-08-27,Electronics,East,21767.65,21,1
2024-08-27,Sports,North,9654.84,40,2
2024-08-27,Sports,South,10206.34,37,3
2024-08-28,Electronics,South,82003.99,55,1
2024-08-28,Grocery,East,922.93,16,0
2024-08-29,Grocery,North,3974.18,53,1
2024-08-31,Sports,East,14092.6,51,4
2024-09-01,Books,East,2414.97,39,3
2024-09-02,Electronics,East,53302.11,53,2
2024-09-03,Grocery,East,590.52,8,0
2024-09-04,Grocery,South,1776.49,24,0
2024-09-04,Apparel,South,4086.74,11,3
2024-09-04,Grocery,East,1268.3,20,0
2024-09-04,Sports,East,6571.03,20,2
2024-09-04,Beauty,West,2669.74,12,3
2024-09-05,Books,West,3862.51,44,2
2024-09-05,Beauty,North,10555.07,60,16
2024-09-08,Sports,North,5323.73,19,3
2024-09-08,Beauty,North,4133.81,35,8
2024-09-11,Books,South,861.44,10,0
2024-09-12,Apparel,North,14358.29,47,12
2024-09-12,Electronics,South,34099.41,33,1
2024-09-12,Home,South,14771.65,23,2
2024-09-13,Apparel,South,14391.54,45,9
2024-09-13,Beauty,East,6910.51,57,12
2024-09-14,Sports,East,13074.35,46,6
2024-09-15,Apparel,South,8942.89,25,4
2024-09-16,Grocery,West,2566.71,22,1
2024-09-17,Electronics,East,23633.45,31,1
2024-09-17,Home,North,7650.09,20,2
2024-09-17,Beauty,South,8543.46,47,12
2024-09-18,Beauty,South,10074.24,47,9
2024-09-18,Books,North,2953.84,46,3
2024-09-19,Apparel,South,1421.25,4,1
2024-09-20,Books,North,1981.26,50,3
2024-09-21,Home,South,11416.49,19,2
2024-09-21,Electronics,West,58305.79,59,2
2024-09-21,Grocery,East,369.81,4,0
2024-09-21,Home,East,4481.08,12,1
2024-09-21,Beauty,West,11445.71,45,8
2024-09-22,Grocery,East,2781.88,36,1
2024-09-24,Grocery,West,686.36,9,0
2024-09-25,Sports,North,4914,23,1
2024-09-26,Grocery,West,3400.25,42,1
2024-09-28,Home,North,13655.4,34,3
2024-09-28,Electronics,East,36895.15,39,1
2024-09-29,Books,North,441.56,7,0
2024-09-30,Electronics,East,42761.61,46,1
2024-09-30,Beauty,South,2867.62,13,3
2024-09-30,Books,North,685.73,18,1
2024-10-01,Sports,East,19534.04,60,7
2024-10-02,Home,West,881.16,2,0
2024-10-02,Books,North,314.02,7,0
2024-10-02,Electronics,South,46075.21,31,1
2024-10-03,Grocery,West,8072.62,59,1
2024-10-05,Home,South,29683.41,49,5
2024-10-06,Sports,North,796.99,3,0
2024-10-06,Home,South,28175.25,46,5
2024-10-06,Home,South,38131.35,60,7
2024-10-06,Sports,South,12649.75,26,2
2024-10-09,Grocery,South,852.6,8,0
2024-10-09,Sports,West,9995.44,32,5
2024-10-09,Apparel,North,3385.04,13,3
2024-10-10,Apparel,North,6878.24,36,8
2024-10-10,Grocery,West,2268.52,24,0
2024-10-10,Sports,South,3561.1,10,1
2024-10-11,Home,North,11037.06,22,2
2024-10-12,Books,North,3123.59,53,2
2024-10-13,Sports,East,1578.22,7,1
2024-10-14,Books,North,1425.9,36,1
2024-10-14,Grocery,West,6942.58,55,1
2024-10-15,Home,West,5973.9,14,1
2024-10-16,Grocery,West,540.33,7,0
2024-10-16,Electronics,West,21302.68,20,1
2024-10-17,Beauty,South,13669.59,57,6
2024-10-17,Sports,East,16586.47,43,3
2024-10-18,Electronics,North,34114,26,1
2024-10-20,Apparel,West,4717.97,13,4
2024-10-23,Home,South,14336.84,24,2
2024-10-24,Beauty,North,5264.46,34,3
2024-10-28,Electronics,East,3992.67,3,0
2024-10-28,Electronics,North,7798.38,8,0
2024-10-29,Books,West,875.39,13,0
2024-11-01,Grocery,West,6019.89,50,1
2024-11-01,Grocery,South,3480.97,33,1
2024-11-02,Electronics,East,23830.15,21,1
2024-11-02,Books,East,3035.3,44,3
2024-11-03,Books,North,2853.85,58,3
2024-11-03,Beauty,North,1417.22,8,2
2024-11-04,Beauty,North,7028.87,42,11
2024-11-05,Electronics,North,31163.11,38,2
2024-11-05,Beauty,West,9629.84,55,9
2024-11-06,Beauty,South,13395.93,60,11
2024-11-07,Sports,North,6471.75,23,2
2024-11-08,Home,East,3977.47,9,1
2024-11-09,Apparel,North,5570.87,20,4
2024-11-12,Apparel,South,22073.63,59,7
2024-11-14,Apparel,West,3143.02,11,3
2024-11-16,Home,South,7151.49,17,1
2024-11-17,Electronics,South,28319.62,17,1
2024-11-18,Sports,West,18540.98,39,5
2024-11-19,Sports,North,17384.88,44,6
2024-11-19,Home,South,2116.21,4,0
2024-11-19,Sports,North,12706.83,34,2
2024-11-19,Grocery,South,2041.9,20,1
2024-11-20,Grocery,East,4372.33,51,1
2024-11-23,Apparel,West,12663.69,38,10
2024-11-23,Home,South,8596.41,23,1
2024-11-24,Sports,North,8947.34,28,2
2024-11-25,Books,East,945.96,25,1
2024-11-25,Grocery,South,3341.81,27,0
2024-11-25,Beauty,North,1619.96,9,2
2024-11-26,Apparel,West,7022.59,19,2
2024-11-29,Grocery,North,1801.26,27,1
2024-11-30,Beauty,East,6231.42,33,8
2024-11-30,Books,West,1284.44,23,1
2024-11-30,Electronics,North,6413.92,5,0
2024-12-01,Apparel,North,5581,17,3
2024-12-02,Home,South,20047.69,31,3
2024-12-02,Sports,West,5294.41,11,1
2024-12-03,Beauty,West,6107.78,33,5
2024-12-03,Electronics,North,36058.93,47,2
2024-12-03,Electronics,West,52969.18,43,1
2024-12-04,Apparel,West,1973.84,7,1
2024-12-05,Beauty,East,4889.56,28,3
2024-12-05,Electronics,North,8521.33,10,0
2024-12-06,Home,West,25601.79,46,5
2024-12-13,Apparel,North,4421.82,16,3
2024-12-13,Grocery,North,3459.99,35,1
2024-12-13,Electronics,North,1631.81,2,0
2024-12-14,Home,West,3354.27,7,0
2024-12-15,Apparel,East,1862.76,6,2
2024-12-15,Electronics,South,3664.36,2,0
2024-12-15,Electronics,South,38992.48,25,1
2024-12-15,Home,North,27236.23,60,5
2024-12-16,Grocery,South,1424.2,15,0
2024-12-16,Beauty,North,2951.8,20,3
2024-12-17,Home,South,11982.41,25,2
2024-12-19,Grocery,North,66.6,1,0
2024-12-19,Electronics,South,51550.99,29,1
2024-12-21,Home,South,20974.65,41,4
2024-12-23,Home,West,7065.62,14,2
2024-12-27,Sports,South,5872.98,19,3
2024-12-27,Home,South,8425.34,16,1
2024-12-27,Home,North,20344.26,53,6
2024-12-29,Apparel,East,17637.45,58,10
2024-12-29,Beauty,North,163.79,1,0
2024-12-29,Electronics,West,59838.14,51,1
2024-12-29,Books,South,4559.83,55,4
